,Nome,Classe,"Data do Bal
 Mais recente
 consolid:sim*","Setor NAICS
ult disponiv",Código,"Ativo /
Cancelado",CNPJ,"Segmento listagem
Bovespa"
1,2w Energia S/A,ON,31/03/2021,Geração  transmissão e distribuição de energia elétrica,25224 ON,ativo,08.773.135/0001-00,-
2,3r Petroleum,ON,31/12/2020,Extração de petróleo e gás,RRRP3,ativo,12.091.809/0001-55,Novo Mercado
3,521 Particip,ON,31/03/2015,Administração de empresas e empreendimentos,QVUM3B,cancelado,01.547.749/0001-16,-
4,524 Particip,ON,31/12/2020,Empresa de eletricidade  gás e água,QVQP3B,ativo,01.851.771/0001-55,Balcão Organizado
5,Aajr Sec de Cred Imobiliários S/A,ON,31/12/2020,Serviços financeiros e seguros,24732 ON,ativo,31.907.982/0001-23,-
6,Abc Brasil,PN,31/12/2020,Bancos,ABCB4,ativo,28.195.667/0001-06,Nível 2
7,Aco Altona,PN,31/12/2020,Transformação de aço em produtos de aço,EALT4,ativo,82.643.537/0001-34,Tradicional
8,Advanced-Dh,ON,30/09/2019,Comércio atacadista de bens não duráveis variados,ADHM3,cancelado,10.345.009/0001-98,Tradicional
9,Aegea Saneamento e Part S/A,ON,31/12/2020,Água  esgoto e outros sistemas,23396 ON,ativo,08.827.501/0001-58,-
10,Aerisenergia,ON,31/12/2020,Indústria de motores  turbinas e transmissores de energia,AERI3,ativo,12.528.708/0001-07,Novo Mercado
11,AES Brasil,ON,31/12/2020,Geração  transmissão e distribuição de energia elétrica,AESB3,ativo,37.663.076/0001-07,Novo Mercado
12,AES Sul,ON,31/12/2020,Geração  transmissão e distribuição de energia elétrica,AESL3,cancelado,02.016.440/0001-62,-
13,AES Tietê Energia S/A,ON,-,Geração  transmissão e distribuição de energia elétrica,18970 ON,ativo,04.128.563/0001-10,-
14,Afluente T,ON,31/12/2020,Empresa de eletricidade  gás e água,AFLT3,ativo,10.338.320/0001-00,Tradicional
15,Agb Casa de Pedra Sec de Crédito S/A,ON,31/12/2020,Serviços financeiros e seguros,24643 ON,ativo,31.468.139/0001-98,-
16,Agrogalaxy Participações S/A,ON,31/12/2020,Atividades auxiliares à agricultura,25658 ON,ativo,21.240.146/0001-84,-
17,Águas de Santa Teresina Saneameno Spe S/A,ON,31/12/2020,Água  esgoto e outros sistemas,25615 ON,ativo,27.157.474/0001-06,-
18,Aguas Guariroba SA,ON,31/12/2020,Água  esgoto e outros sistemas,23442 ON,ativo,04.089.570/0001-50,-
19,Alef S/A,ON,31/12/2020,Administração de empresas e empreendimentos,ALEF3B,ativo,02.217.319/0001-07,Balcão Organizado
20,Alfa Consorc,PNF,31/12/2020,Administração de empresas e empreendimentos,BRGE12,ativo,17.193.806/0001-46,Tradicional
21,Alfa Financ,ON,31/12/2020,Bancos,CRIV3,ativo,17.167.412/0001-13,Tradicional
22,Alfa Holding,ON,31/12/2020,Administração de empresas e empreendimentos,RPAD3,ativo,17.167.396/0001-69,Tradicional
23,Alfa Invest,ON,31/12/2020,Bancos,BRIV3,ativo,60.770.336/0001-65,Tradicional
24,Alfa Medicamentos S/A,ON,31/12/2020,Indústria de remédios,25348 ON,ativo,09.053.134/0001-45,-
25,Algar Telecom S/A,ON,31/12/2020,Telecomunicações,21032 ON,ativo,71.208.516/0001-74,-
26,Alianscsonae,ON,31/12/2020,Locadora de imóveis,ALSO3,ativo,05.878.397/0001-32,Novo Mercado
27,Aliperti,PN,31/12/2020,Indústria de molas e produtos de arame,APTI4,ativo,61.156.931/0001-78,Tradicional
28,All Am Lat Log Oeste S/A,ON,31/12/2020,Transporte ferroviário,17850 ON,ativo,39.115.514/0001-28,-
29,All Norte,ON,31/12/2020,Transporte ferroviário,FRRN3B,ativo,24.962.466/0001-36,Balcão Organizado
30,Alliar,ON,31/12/2020,Laboratório de exames médicos,AALR3,ativo,42.771.949/0001-35,Novo Mercado
31,Allied,ON,31/12/2020,Loja de utensílios eletrônicos,ALLD3,ativo,20.247.322/0001-47,Novo Mercado
32,Alpargatas,PN,31/12/2020,Indústria de calçados,ALPA4,ativo,61.079.117/0001-05,Nível 1
33,Alper S.A.,ON,31/12/2020,Corretora de seguros,APER3,ativo,11.721.921/0001-60,Novo Mercado
34,Alphaville,ON,31/12/2020,Construção de edifícios residenciais,AVLL3,ativo,16.811.931/0001-00,Novo Mercado
35,Altere Sec,ON,31/12/2020,Outros fundos,ALTR3,cancelado,02.783.423/0001-50,-
36,Alupar,UNT N2,31/12/2020,Geração  transmissão e distribuição de energia elétrica,ALUP11,ativo,08.364.948/0001-38,Nível 2
37,Amazonia,ON,31/12/2020,Bancos,BAZA3,ativo,04.902.979/0001-44,Tradicional
38,Ambev S/A,ON,31/12/2020,Indústria de bebidas,ABEV3,ativo,07.526.557/0001-00,Tradicional
39,Ambipar,ON,31/12/2020,Água  esgoto e outros sistemas,AMBP3,ativo,12.648.266/0001-24,Novo Mercado
40,Ampla Energ,ON,31/12/2020,Geração  transmissão e distribuição de energia elétrica,CBEE3,ativo,33.050.071/0001-58,Tradicional
41,Anima,ON,31/12/2020,Escola de ensino superior,ANIM3,ativo,09.288.252/0001-32,Novo Mercado
42,Apice Securitizadora Imob S/A,ON,31/12/2020,Serviços financeiros e seguros,22276 ON,ativo,12.130.744/0001-00,-
43,Arezzo Co,ON,31/12/2020,Indústria de calçados,ARZZ3,ativo,16.590.234/0001-76,Novo Mercado
44,Argo Energia Empreend e Part S/A,ON,31/12/2020,Administração de empresas e empreendimentos,24120 ON,ativo,24.624.551/0001-94,-
45,Argo Transmissão de Energia S/A,ON,31/12/2020,Geração  transmissão e distribuição de energia elétrica,24210 ON,ativo,24.624.490/0001-65,-
46,Arteris,ON,31/12/2020,Atividades auxiliares ao transporte rodoviário,ARTR3,cancelado,02.919.555/0001-67,Tradicional
47,Assai,ON,31/12/2020,Loja de departamentos,ASAI3,ativo,06.057.223/0001-71,Novo Mercado
48,Atmasa,ON,31/12/2020,Serviços de apoio a empresas,ATMP3,ativo,04.032.433/0001-80,Novo Mercado
49,Atompar,ON,31/12/2020,Telecomunicações,ATOM3,ativo,00.359.742/0001-08,Tradicional
50,Aura 360,ON,31/12/2020,Mineração de metais,AURA33,ativo,07.857.093/0001-14,BDR nível 3
51,Autoban - Conc do Sist Anhanguera Bandeirantes S/A,ON,31/12/2020,Atividades auxiliares ao transporte rodoviário,20192 ON,ativo,02.451.848/0001-62,-
52,Autopista Fernao Dias S/A,ON,31/12/2020,Atividades auxiliares ao transporte rodoviário,21989 ON,ativo,09.326.342/0001-70,-
53,Autopista Fluminense S/A,ON,31/12/2020,Atividades auxiliares ao transporte rodoviário,22004 ON,ativo,09.324.949/0001-11,-
54,Autopista Litoral Sul,ON,31/12/2020,Atividades auxiliares ao transporte rodoviário,21997 ON,ativo,09.313.969/0001-97,-
55,Autopista Planalto Sul S/A,ON,31/12/2020,Atividades auxiliares ao transporte rodoviário,21970 ON,ativo,09.325.109/0001-73,-
56,Autopista Regis Bittencourt S/A,ON,31/12/2020,Atividades auxiliares ao transporte rodoviário,21962 ON,ativo,09.336.431/0001-06,-
57,Azevedo,PN,31/12/2020,Outras construções pesadas e de engenharia civil,AZEV4,ativo,61.351.532/0001-68,Tradicional
58,Azul S.A.,PN,31/12/2020,Transporte aéreo regular,AZUL4,ativo,09.305.994/0001-29,Nível 2
59,B2W Digital,ON,31/12/2020,Vendas por correio ou meio eletrônico,BTOW3,ativo,00.776.574/0001-56,Novo Mercado
60,B3,ON,31/12/2020,Bolsa de valores e commodities,B3SA3,ativo,09.346.601/0001-25,Novo Mercado
61,Bahema,ON,31/12/2020,Administração de empresas e empreendimentos,BAHI3,ativo,45.987.245/0001-92,Bovespa Mais
62,Banco BMG,PN,31/12/2020,Bancos,BMGB4,ativo,61.186.680/0001-74,Nível 1
63,Banco Inter,UNT,31/12/2020,Bancos,BIDI11,ativo,00.416.968/0001-01,Nível 2
64,Banco Pan,PN,31/12/2020,Bancos,BPAN4,ativo,59.285.411/0001-13,Nível 1
65,Banco Rci Brasil S/A,ON,31/12/2020,Atividades relacionadas à intermediação de crédito,21466 ON,ativo,62.307.848/0001-15,-
66,Bandeirante Energ,PN,31/12/2020,Geração  transmissão e distribuição de energia elétrica,EBEN4,cancelado,02.302.100/0001-06,-
67,Banese,PN,31/12/2020,Bancos,BGIP4,ativo,13.009.717/0001-46,Tradicional
68,Banestes,ON,31/12/2020,Bancos,BEES3,ativo,28.127.603/0001-78,Tradicional
69,Banpara,ON,31/12/2020,Bancos,BPAR3,ativo,04.913.711/0001-08,Tradicional
70,Banrisul,PNB,31/12/2020,Bancos,BRSR6,ativo,92.702.067/0001-96,Nível 1
71,Banrisul Armazens Gerais S/A,ON,31/12/2020,Serviço de armazenamento,15822 ON,ativo,92.721.232/0001-57,-
72,Banrisul Cartões S/A,ON,31/12/2020,Serviços financeiros e seguros,24554 ON,ativo,92.934.215/0001-06,-
73,Bardella,ON,31/12/2020,Industria de máquinas agrícolas  de construção e mineração,BDLL3,ativo,60.851.615/0001-53,Tradicional
74,Barigui Securitizadora S/A,ON,31/12/2020,Serviços financeiros e seguros,21920 ON,ativo,10.608.405/0001-60,-
75,Base Securitizadora de Cred Imob SA,ON,31/12/2020,Serviços financeiros e seguros,24970 ON,ativo,35.082.277/0001-95,-
76,Battistella,ON,31/12/2020,Concessionárias de outros veículos motorizados,BTTL3,ativo,42.331.462/0001-31,Tradicional
77,Baumer,PN,31/12/2020,Indústria de equipamentos e materiais para uso médico,BALM4,ativo,61.374.161/0001-30,Tradicional
78,Bbmlogistica,ON,31/12/2020,Transporte rodoviário,BBML3,ativo,01.107.327/0001-20,Bovespa Mais
79,BBSeguridade,ON,31/12/2020,Seguradora,BBSE3,ativo,17.344.597/0001-94,Novo Mercado
80,Bcbf Participações SA,ON,31/12/2020,Administração de empresas e empreendimentos,24775 ON,ativo,19.276.528/0001-16,-
81,Bemobi Tech,ON,31/12/2020,Editoras de software,BMOB3,ativo,09.042.817/0001-05,Novo Mercado
82,Betapart,ON,31/12/2020,Atividades relacionadas à intermediação de crédito,BETP3B,ativo,02.762.124/0001-30,Balcão Organizado
83,Biam Cia Securitizadora S/A,ON,31/12/2020,Serviços financeiros e seguros,23019 ON,ativo,14.333.683/0001-03,-
84,Bic Arrend Mercantil S/A,ON,31/12/2020,Atividades relacionadas à intermediação de crédito,15121 ON,ativo,69.720.910/0001-45,-
85,Bic Monark,ON,31/12/2020,Indústria de outros equipamentos de transporte,BMKS3,ativo,56.992.423/0001-90,Tradicional
86,Biomm,ON,31/12/2020,Pesquisa científica,BIOM3,ativo,04.752.991/0001-10,Bovespa Mais
87,Biosev,ON,31/12/2020,Outras outras indústrias,BSEV3,ativo,15.527.906/0001-36,Novo Mercado
88,Biotoscana,ON,30/06/2020,Indústria de remédios,GBIO33,cancelado,19.688.956/0001-56,BDR nível 3
89,Bk Brasil,ON,31/12/2020,Restaurantes e outros lugares para comer,BKBR3,ativo,13.574.594/0001-96,Novo Mercado
90,Blau,ON,31/12/2020,Indústria de remédios,BLAU3,ativo,58.430.828/0001-60,Novo Mercado
91,BNDES Participações S/A - Bndespar,ON,31/12/2020,Instituição de intermediação de crédito e atividades relacionadas,16772 ON,ativo,00.383.281/0001-09,-
92,Boa Safra Sementes S/A,ON,31/12/2020,Atividades auxiliares à agricultura,25704 ON,ativo,10.807.374/0001-77,-
93,Boa Vista,ON,31/12/2020,Outros serviços de Informação,BOAS3,ativo,11.725.176/0001-27,Novo Mercado
94,Bombril,PN,31/12/2020,Indústria de artigos de limpeza,BOBR4,ativo,50.564.053/0001-03,Tradicional
95,Bonaire Part,ON,30/09/2018,Empresa de eletricidade  gás e água,BNPA3B,cancelado,02.117.801/0001-67,Balcão Organizado
96,BR Brokers,ON,31/12/2020,Atividades relacionadas a imóveis,BBRK3,ativo,08.613.550/0001-98,Novo Mercado
97,BR Malls Par,ON,31/12/2020,Locadora de imóveis,BRML3,ativo,06.977.745/0001-91,Novo Mercado
98,BR Pharma,ON,31/03/2019,Loja de artigos para saúde e cuidados pessoais,BPHA3,cancelado,11.395.624/0001-71,Novo Mercado
99,BR Propert,ON,31/12/2020,Locadora de imóveis,BRPR3,ativo,06.977.751/0001-49,Novo Mercado
100,Bradesco,PN,31/12/2020,Bancos,BBDC4,ativo,60.746.948/0001-12,Nível 1
101,Bradesco Leasing SA,ON,31/12/2020,Atividades relacionadas à intermediação de crédito,19640 ON,ativo,47.509.120/0001-82,-
102,Bradespar,PN,31/12/2020,Administração de empresas e empreendimentos,BRAP4,ativo,03.847.461/0001-92,Nível 1
103,Brasil,ON,31/12/2020,Bancos,BBAS3,ativo,00.000.000/0001-91,Novo Mercado
104,Brasil Securitizadora S/A,ON,31/12/2020,Serviços financeiros e seguros,24287 ON,ativo,13.483.537/0001-00,-
105,Brasilagro,ON,31/12/2020,Agricultura,AGRO3,ativo,07.628.528/0001-59,Novo Mercado
106,Brasiliana Participações S/A,ON,31/12/2020,Geração  transmissão e distribuição de energia elétrica,23930 ON,ativo,08.773.191/0001-36,-
107,Braskem,PNA,31/12/2020,Indústria química,BRKM5,ativo,42.150.391/0001-70,Nível 1
108,Brazil Realty Cia Sec de Cred Imob,ON,31/12/2020,Serviços financeiros e seguros,19720 ON,ativo,07.119.838/0001-48,-
109,Brazilian Fr,ON,31/12/2020,Administração de empresas e empreendimentos,BFRE3,cancelado,02.762.113/0001-50,-
110,Brazilian Securities Cia Sec,ON,31/12/2020,Serviços financeiros e seguros,18759 ON,ativo,03.767.538/0001-14,-
111,BRB Banco,ON,31/12/2020,Bancos,BSLI3,ativo,00.000.208/0001-00,Tradicional
112,BRF SA,ON,31/12/2020,Abatedouros,BRFS3,ativo,01.838.723/0001-27,Novo Mercado
113,Brk Ambiental Participações S/A,ON,31/12/2020,Água  esgoto e outros sistemas,24830 ON,ativo,24.396.489/0001-20,-
114,Brq,ON,31/12/2020,Editoras de software,BRQB3,ativo,36.542.025/0001-64,Bovespa Mais
115,Bsi Capital Securitizadora S/A,ON,31/12/2020,Serviços financeiros e seguros,23132 ON,ativo,11.257.352/0001-43,-
116,Btgi Quartzo Participações S/A,ON,31/12/2020,Administração de empresas e empreendimentos,23850 ON,ativo,21.948.105/0001-47,-
117,Btgi Safira Participações S/A,ON,31/12/2020,Administração de empresas e empreendimentos,23841 ON,ativo,21.976.510/0001-79,-
118,Btgp Banco,UNT,31/12/2020,Bancos,BPAC11,ativo,30.306.294/0001-45,Nível 2
119,Cabinda Part,ON,31/12/2020,Administração de empresas e empreendimentos,CABI3B,ativo,04.030.182/0001-02,Balcão Organizado
120,Cachoeira Paulista Trans de Energia SA,ON,31/12/2020,Geração  transmissão e distribuição de energia elétrica,22683 ON,ativo,05.336.882/0001-84,-
121,Caconde Part,ON,31/12/2020,Administração de empresas e empreendimentos,CACO3B,ativo,04.031.213/0001-31,Balcão Organizado
122,Caianda Part,ON,31/12/2020,Administração de empresas e empreendimentos,CAIA3B,cancelado,04.038.763/0001-82,Balcão Organizado
123,Caixa Adm Div Pub Estadual S/A,ON,31/03/2021,Atividades relacionadas à intermediação de crédito,15717 ON,ativo,00.979.969/0001-56,-
124,Caixa Seguridade Participações S/A,ON,31/12/2020,Seguradora e corretora de seguros,23795 ON,ativo,22.543.331/0001-00,-
125,Cambuci,ON,31/12/2020,Indústria de calçados,CAMB3,ativo,61.088.894/0001-08,Tradicional
126,Camil,ON,30/11/2020,Outras indústrias de alimentos,CAML3,ativo,64.904.295/0001-03,Novo Mercado
127,Capitale Securit de Credito S/A,ON,31/12/2020,Serviços financeiros e seguros,23353 ON,ativo,15.229.110/0001-05,-
128,Carbomil S/A Miner e Ind,ON,31/12/2020,Extração de minerais não metálicos,14168 ON,ativo,07.253.321/0001-47,-
129,Carrefour BR,ON,31/12/2020,Loja de departamentos,CRFB3,ativo,75.315.333/0001-09,Novo Mercado
130,Casan,ON,31/12/2020,Água  esgoto e outros sistemas,CASN3,ativo,82.508.433/0001-17,Tradicional
131,CCR SA,ON,31/12/2020,Atividades auxiliares ao transporte rodoviário,CCRO3,ativo,02.846.056/0001-97,Novo Mercado
132,Ccx Carvao,ON,31/03/2020,Mineração de metais,CCXC3,cancelado,07.950.674/0001-04,Novo Mercado
133,Cea Modas,ON,31/12/2020,Loja de roupas,CEAB3,ativo,45.242.914/0001-05,Novo Mercado
134,Ceb,ON,31/12/2020,Geração  transmissão e distribuição de energia elétrica,CEBR3,ativo,00.070.698/0001-11,Tradicional
135,Cedae - Cia Estadual de Aguas e Esgotos,ON,31/12/2020,Água  esgoto e outros sistemas,16373 ON,ativo,33.352.394/0001-04,-
136,Cedro,PN,31/12/2020,Tecelagens,CEDO4,ativo,17.245.234/0001-00,Nível 1
137,Ceee-D,ON,31/12/2020,Empresa de eletricidade  gás e água,CEED3,ativo,08.467.115/0001-00,Nível 1
138,Ceee-Gt,ON,31/12/2020,Geração  transmissão e distribuição de energia elétrica,EEEL3,ativo,92.715.812/0001-31,Nível 1
139,Ceg,ON,31/12/2020,Distribuição de gás natural,CEGR3,ativo,33.938.119/0001-69,Tradicional
140,Cel Participacoes S/A,ON,31/12/2020,Administração de empresas e empreendimentos,16675 ON,ativo,02.201.787/0001-85,-
141,Celeo Redes Transmissão de Energia S/A,ON,31/12/2020,Geração  transmissão e distribuição de energia elétrica,24597 ON,ativo,31.001.230/0001-07,-
142,Celesc,PN,31/12/2020,Geração  transmissão e distribuição de energia elétrica,CLSC4,ativo,83.878.892/0001-55,Nível 2
143,Celg Distribuição S/A,ON,31/12/2020,Geração  transmissão e distribuição de energia elétrica,25577 ON,ativo,01.543.032/0001-04,-
144,Celgpar,ON,31/12/2020,Empresa de eletricidade  gás e água,GPAR3,ativo,08.560.444/0001-93,Tradicional
145,Celpe,PNA,31/12/2020,Geração  transmissão e distribuição de energia elétrica,CEPE5,ativo,10.835.932/0001-08,Tradicional
146,Cemepe,PN,31/12/2020,Administração de empresas e empreendimentos,MAPT4,ativo,93.828.986/0001-73,Tradicional
147,Cemig,PN,31/12/2020,Geração  transmissão e distribuição de energia elétrica,CMIG4,ativo,17.155.730/0001-64,Nível 1
148,Cemig Distribuição SA,ON,31/12/2020,Geração  transmissão e distribuição de energia elétrica,20303 ON,ativo,06.981.180/0001-16,-
149,Cemig Geração e Transm SA,ON,31/12/2020,Geração  transmissão e distribuição de energia elétrica,20320 ON,ativo,06.981.176/0001-58,-
150,Cesp,PNB,31/03/2021,Geração  transmissão e distribuição de energia elétrica,CESP6,ativo,60.933.603/0001-78,Nível 1
151,Chapeco,ON,31/12/2004,Abatedouros,CHAP3,cancelado,83.296.889/0001-23,-
152,Cia de Agua e Esgoto do Ceara,ON,31/12/2020,Água  esgoto e outros sistemas,18546 ON,ativo,07.040.108/0001-57,-
153,Cia Hering,ON,31/12/2020,Indústria de roupas de malha,HGTX3,ativo,78.876.950/0001-71,Novo Mercado
154,Cia Hidro Eletrica Sao Francisco,ON,31/12/2020,Geração  transmissão e distribuição de energia elétrica,03328 ON,ativo,33.541.368/0001-16,-
155,Cia Mineira de Acucar e Alcool,ON,30/06/2020,Outros cultivos,21709 ON,ativo,08.493.364/0001-62,-
156,Cia Provincia de Secur Cred Imob,ON,31/12/2020,Serviços financeiros e seguros,19429 ON,ativo,04.200.649/0001-07,-
157,Cia Riograndense de Saneamento,ON,31/12/2020,Água  esgoto e outros sistemas,16748 ON,ativo,92.802.784/0001-90,-
158,Cia Sec de Cred Fin Vert-Prov,ON,31/12/2020,Serviços financeiros e seguros,25267 ON,ativo,34.469.625/0001-19,-
159,Cia Sec de Cred Financeiros Vert-Fintech,ON,31/12/2020,Serviços financeiros e seguros,24511 ON,ativo,30.219.233/0001-40,-
160,Cia Sec de Cred Financeiros Vert-Nexoos,ON,31/12/2020,Serviços financeiros e seguros,24520 ON,ativo,30.418.658/0001-89,-
161,Cia Sec de Cred Financeiros Vert-Recargapay,ON,31/12/2020,Serviços financeiros e seguros,25216 ON,ativo,30.545.324/0001-76,-
162,Cia Sec de Créditos Fin Cartões Consignados BMG,ON,31/12/2020,Seguradora,24147 ON,ativo,27.137.879/0001-74,-
163,Cia Sec de Creditos Fin Vert 5,ON,31/12/2020,Serviços financeiros e seguros,25593 ON,ativo,37.368.315/0001-04,-
164,Cia Sec de Creditos Fin Vert-Gyra,ON,31/12/2020,Serviços financeiros e seguros,25020 ON,ativo,32.770.457/0001-71,-
165,Cibrasec Cia Bras de Securitizacao,ON,31/12/2020,Serviços financeiros e seguros,18287 ON,ativo,02.105.040/0001-23,-
166,Cielo,ON,31/03/2021,Serviços de processamento de dados  hospedagem e outros serviços relacionados,CIEL3,ativo,01.027.058/0001-91,Novo Mercado
167,Cims,ON,31/12/2020,Administração de empresas e empreendimentos,CMSA3,ativo,00.272.185/0001-93,Tradicional
168,Cinesystem,ON,31/12/2020,Indústria cinematográfica,CNSY3,ativo,07.437.016/0001-05,Bovespa Mais
169,Claro Telecom Part S/A,ON,31/12/2020,Telecomunicações,23531 ON,ativo,07.043.628/0001-13,-
170,Cm Hospitalar S/A,ON,31/12/2020,Loja de artigos para saúde e cuidados pessoais,25682 ON,ativo,12.420.164/0001-57,-
171,Cobrasma,ON,31/12/2020,Indústria de equipamento ferroviário,CBMA3,cancelado,61.080.313/0001-91,Tradicional
172,Cobuccio Sec de Créditos S/A,ON,31/12/2020,Serviços financeiros e seguros,24724 ON,ativo,32.372.085/0001-25,-
173,Coelba,ON,31/12/2020,Geração  transmissão e distribuição de energia elétrica,CEEB3,ativo,15.139.629/0001-94,Tradicional
174,Coelce,PNA,31/12/2020,Geração  transmissão e distribuição de energia elétrica,COCE5,ativo,07.047.251/0001-70,Tradicional
175,Cogna ON,ON,31/12/2020,Escola de ensino superior,COGN3,ativo,02.800.026/0001-40,Novo Mercado
176,Comgas,PNA,31/12/2020,Distribuição de gás natural,CGAS5,ativo,61.856.571/0001-17,Tradicional
177,Companhia de Gás de Minas Gerais - Gasmig,ON,31/12/2020,Distribuição de gás natural,25178 ON,ativo,22.261.473/0001-85,-
178,Companhia Energética Jaguara,ON,31/12/2020,Geração  transmissão e distribuição de energia elétrica,02442 ON,ativo,28.925.264/0001-75,-
179,Companhia Energética Miranda,ON,31/12/2020,Geração  transmissão e distribuição de energia elétrica,24430 ON,ativo,28.942.127/0001-49,-
180,Companhia Energética Sinop S/A,ON,31/12/2020,Geração  transmissão e distribuição de energia elétrica,24155 ON,ativo,19.527.586/0001-75,-
181,Companhia Paulista de Securitizacao,ON,31/12/2020,Seguradora,22080 ON,ativo,11.274.829/0001-07,-
182,Compass Gás e Energia S/A,ON,31/12/2020,Distribuição de gás natural,025127 ON,ativo,21.389.501/0001-81,-
183,Conc de Rod do Oeste de SP - Viaoeste S/A,ON,31/12/2020,Atividades auxiliares ao transporte rodoviário,21024 ON,ativo,02.415.408/0001-50,-
184,Conc de Rodov do Interior Paulista SA,ON,31/12/2020,Atividades auxiliares ao transporte rodoviário,21849 ON,ativo,03.207.703/0001-83,-
185,Conc do Aerop Inter de Guarulhos S/A,ON,31/12/2020,Atividades auxiliares ao transporte aéreo,23515 ON,ativo,15.578.569/0001-06,-
186,Conc Ponte Rio-Niteroi S/A - Ecoponte,ON,31/12/2020,Atividades auxiliares ao transporte rodoviário,24139 ON,ativo,22.163.297/0001-49,-
187,Conc Rio Ter,ON,31/12/2020,Atividades auxiliares ao transporte rodoviário,CRTE3B,ativo,00.938.574/0001-05,Balcão Organizado
188,Concebra Concess Das Rod Centrais do Brasil S/A,ON,31/12/2020,Atividades auxiliares ao transporte rodoviário,23868 ON,ativo,18.572.225/0001-88,-
189,Concess Auto Raposo Tavares S/A,ON,31/12/2020,Atividades auxiliares ao transporte rodoviário,22268 ON,ativo,10.531.501/0001-58,-
190,Concess da Rodovia MG 050 S/A,ON,31/12/2020,Atividades auxiliares ao transporte rodoviário,24104 ON,ativo,08.822.767/0001-08,-
191,Concess Das Rodov Integradas do Sul S/A,ON,31/12/2020,Atividades auxiliares ao transporte rodoviário,25356 ON,ativo,32.161.500/0001-00,-
192,Concess de Rodov Sul-Matogrossense S/A,ON,31/12/2020,Atividades auxiliares ao transporte rodoviário,23833 ON,ativo,19.642.306/0001-70,-
193,Concess de Rodovias Minas Gerais Goias S/A,ON,31/12/2020,Atividades auxiliares ao transporte rodoviário,23884 ON,ativo,19.208.022/0001-70,-
194,Concess Rodovias Tiete SA,ON,31/12/2020,Atividades auxiliares ao transporte rodoviário,22721 ON,ativo,10.678.505/0001-63,-
195,Concess Rota Das Bandeiras S/A,ON,31/12/2020,Atividades auxiliares ao transporte rodoviário,22071 ON,ativo,10.647.979/0001-48,-
196,Concessão Metroviaria Rj S/A,ON,31/12/2020,Transporte ferroviário,22144 ON,ativo,10.324.624/0001-18,-
197,Concessionaria BR-040 S/A,ON,31/12/2020,Atividades auxiliares ao transporte rodoviário,23892 ON,ativo,19.726.048/0001-00,-
198,Concessionaria Ecovias Dos Imigrantes SA,ON,31/12/2020,Atividades auxiliares ao transporte rodoviário,20397 ON,ativo,02.509.491/0001-26,-
199,Concessionária Rota do Oeste S/A,ON,31/12/2020,Atividades auxiliares ao transporte rodoviário,23922 ON,ativo,19.521.322/0001-04,-
200,Conpel Cia Nordestina Papel,ON,31/12/2020,Outras outras indústrias,04685 ON,ativo,09.116.278/0001-01,-
201,Consig 6 I Cia Sec de Cred Financeiros,ON,31/12/2020,Serviços financeiros e seguros,025054 ON,ativo,36.243.187/0001-00,-
202,Consignados I Cia Sec de Cred Financeiros,ON,31/12/2020,Serviços financeiros e seguros,24899 ON,ativo,29.894.663/0001-89,-
203,Const A Lind,PN,31/12/2020,Construção de edifícios residenciais,CALI4,ativo,61.022.042/0001-18,Tradicional
204,Copasa,ON,31/12/2020,Água  esgoto e outros sistemas,CSMG3,ativo,17.281.106/0001-03,Novo Mercado
205,Copel,PNB,31/12/2020,Geração  transmissão e distribuição de energia elétrica,CPLE6,ativo,76.483.817/0001-20,Nível 1
206,Copel Geração e Transmissão S/A,ON,31/12/2020,Geração  transmissão e distribuição de energia elétrica,24740 ON,ativo,04.370.282/0001-70,-
207,Cor Ribeiro,PN,31/12/2020,Administração de empresas e empreendimentos,CORR4,ativo,15.101.405/0001-93,Tradicional
208,Cosan,ON,31/12/2020,Comércio atacadista de petróleo e produtos de petróleo,CSAN3,ativo,50.746.577/0001-15,Novo Mercado
209,Cosan Log,ON,30/09/2020,Transporte ferroviário,RLOG3,cancelado,17.346.997/0001-39,Novo Mercado
210,Cosern,ON,31/12/2020,Geração  transmissão e distribuição de energia elétrica,CSRN3,ativo,08.324.196/0001-81,Tradicional
211,Coteminas,PN,31/12/2020,Indústria de roupas de tecido,CTNM4,ativo,22.677.520/0001-76,Tradicional
212,CPFL Energia,ON,31/12/2020,Geração  transmissão e distribuição de energia elétrica,CPFE3,ativo,02.429.144/0001-93,Novo Mercado
213,CPFL Geracao,ON,31/12/2020,Geração  transmissão e distribuição de energia elétrica,CPFG3,cancelado,03.953.509/0001-47,-
214,CPFL Piratininga,PN,31/12/2020,Geração  transmissão e distribuição de energia elétrica,CPFP4,cancelado,04.172.213/0001-51,-
215,CPFL Renovav,ON,31/12/2020,Geração  transmissão e distribuição de energia elétrica,CPRE3,cancelado,08.439.659/0001-50,Tradicional
216,Cr2,ON,31/12/2020,Construção de edifícios residenciais,CRDE3,ativo,07.820.907/0001-46,Tradicional
217,Cristal,PNA,31/12/2020,Indústria química,CRPG5,ativo,15.115.504/0001-24,Tradicional
218,Cruzeiro Edu,ON,31/12/2020,Escola de ensino superior,CSED3,ativo,62.984.091/0001-02,Novo Mercado
219,CS Brasil Participações e Locações S/A,ON,30/09/2020,Locadora de automóveis,25739 ON,ativo,35.502.310/0001-99,-
220,Csa Cia Securitizadora de Ativos,ON,31/12/2020,Serviços financeiros e seguros,19470 ON,ativo,05.889.284/0001-32,-
221,Csn Mineraca,ON,31/12/2020,Mineração de metais,CMIN3,ativo,08.902.291/0001-15,Nível 2
222,Csu Cardsyst,ON,31/12/2020,Serviços de apoio a empresas,CARD3,ativo,01.896.779/0001-38,Novo Mercado
223,Ctc S.A.,ON,31/12/2020,Agricultura,CTCA3,ativo,06.981.381/0001-13,Bovespa Mais
224,Cury S/A,ON,31/12/2020,Construção de edifícios residenciais,CURY3,ativo,08.797.760/0001-83,Novo Mercado
225,Cvc Brasil,ON,31/12/2020,Transporte turístico,CVCB3,ativo,10.760.260/0001-19,Novo Mercado
226,Cyre Com-Ccp,ON,31/12/2020,Locadora de imóveis,CCPR3,ativo,08.801.621/0001-86,Novo Mercado
227,Cyrela Realt,ON,31/12/2020,Construção de edifícios residenciais,CYRE3,ativo,73.178.600/0001-18,Novo Mercado
228,D1000vfarma,ON,31/12/2020,Loja de artigos para saúde e cuidados pessoais,DMVF3,ativo,12.108.897/0001-50,Novo Mercado
229,Dasa,ON,31/12/2020,Laboratório de exames médicos,DASA3,ativo,61.486.650/0001-83,Tradicional
230,Daycoval,PN,31/12/2020,Bancos,DAYC4,cancelado,62.232.889/0001-90,Tradicional
231,Dibens Leasing SA,ON,31/12/2020,Atividades relacionadas à intermediação de crédito,14214 ON,ativo,65.654.303/0001-73,-
232,Dimed,ON,31/12/2020,Loja de artigos para saúde e cuidados pessoais,PNVL3,ativo,92.665.611/0001-77,Nível 2
233,Dinamica Ene,ON,31/12/2020,Geração  transmissão e distribuição de energia elétrica,DNEN3B,cancelado,07.659.538/0001-51,Balcão Organizado
234,Direcional,ON,31/12/2020,Construção de edifícios residenciais,DIRR3,ativo,16.614.075/0001-00,Novo Mercado
235,Dohler,PN,31/12/2020,Indústria de roupas de tecido,DOHL4,ativo,84.683.408/0001-03,Tradicional
236,Dommo,ON,31/12/2020,Extração de petróleo e gás,DMMO3,ativo,08.926.302/0001-05,Tradicional
237,Dtcom Direct,ON,31/12/2020,Outros tipos de escolas,DTCY3,ativo,03.303.999/0001-36,Tradicional
238,Duratex,ON,31/12/2020,Indústria de móveis e afins,DTEX3,ativo,97.837.181/0001-47,Novo Mercado
239,Eco Sec Dtos Cred Agroneg S/A,ON,31/12/2020,Serviços financeiros e seguros,21741 ON,ativo,10.753.164/0001-43,-
240,Eco101 Concess de Rodov S/A,ON,31/12/2020,Atividades auxiliares ao transporte rodoviário,23582 ON,ativo,15.484.093/0001-44,-
241,Economico,PN,30/06/1995,Bancos,BCE4,cancelado,15.124.464/0001-87,-
242,Ecopistas - Concess Das Rodov Ayrton Senna S/A,ON,31/12/2020,Atividades auxiliares ao transporte rodoviário,22411 ON,ativo,10.841.050/0001-55,-
243,Ecorodovias,ON,31/12/2020,Atividades auxiliares ao transporte rodoviário,ECOR3,ativo,04.149.454/0001-80,Novo Mercado
244,Ecorodovias Concessoes e Serv SA,ON,31/12/2020,Atividades auxiliares ao transporte rodoviário,21903 ON,ativo,08.873.873/0001-10,-
245,Eldorado Brasil Celulose S/A,ON,31/12/2020,Indústria de papel  celulose e papelão,22810 ON,ativo,07.401.436/0001-31,-
246,Elektro,PN,31/12/2020,Geração  transmissão e distribuição de energia elétrica,EKTR4,ativo,02.328.280/0001-97,Tradicional
247,Eletrobras,ON,31/12/2020,Geração  transmissão e distribuição de energia elétrica,ELET3,ativo,00.001.180/0001-26,Nível 1
248,Eletromidia,ON,31/12/2020,Administração de empresas e empreendimentos,ELMD3,ativo,09.347.516/0001-81,Novo Mercado
249,Eletropar,ON,31/12/2020,Geração  transmissão e distribuição de energia elétrica,LIPR3,ativo,01.104.937/0001-70,Tradicional
250,Eletropaulo,ON,31/12/2020,Geração  transmissão e distribuição de energia elétrica,ELPL3,cancelado,61.695.227/0001-93,Tradicional
251,Emae,PN,31/12/2020,Geração  transmissão e distribuição de energia elétrica,EMAE4,ativo,02.302.101/0001-42,Tradicional
252,Embraer,ON,31/12/2020,Indústria de equipamentos aeroespacias,EMBR3,ativo,07.689.002/0001-89,Novo Mercado
253,Enauta Part,ON,31/12/2020,Extração de petróleo e gás,ENAT3,ativo,11.669.021/0001-10,Novo Mercado
254,Encalso Particip em Concess S/A,ON,31/12/2020,Administração de empresas e empreendimentos,23701 ON,ativo,21.262.638/0001-70,-
255,Encorpar,PN,31/12/2020,Indústria de fios,ECPR4,ativo,01.971.614/0001-83,Tradicional
256,Energias BR,ON,31/12/2020,Geração  transmissão e distribuição de energia elétrica,ENBR3,ativo,03.983.431/0001-03,Novo Mercado
257,Energisa,UNT N2,31/12/2020,Geração  transmissão e distribuição de energia elétrica,ENGI11,ativo,00.864.214/0001-06,Nível 2
258,Energisa Mt,ON,31/12/2020,Geração  transmissão e distribuição de energia elétrica,ENMT3,ativo,03.467.321/0001-99,Tradicional
259,Energisa Paraiba Dist e Energia S/A,ON,31/12/2020,Geração  transmissão e distribuição de energia elétrica,21938 ON,ativo,09.095.183/0001-40,-
260,Energisa Sergipe Dist de Energia S/A,ON,31/12/2020,Geração  transmissão e distribuição de energia elétrica,18996 ON,ativo,13.017.462/0001-63,-
261,Energisa Sul Sudeste Distr de Energia S/A,ON,31/12/2020,Geração  transmissão e distribuição de energia elétrica,24864 ON,ativo,07.282.377/0001-20,-
262,Energisa Transmissão de Energia S/A,ON,31/12/2020,Geração  transmissão e distribuição de energia elétrica,24589 ON,ativo,28.201.130/0001-01,-
263,Enersul,PNB,31/12/2020,Geração  transmissão e distribuição de energia elétrica,ENER6,cancelado,15.413.826/0001-50,-
264,Eneva,ON,31/12/2020,Geração  transmissão e distribuição de energia elétrica,ENEV3,ativo,04.423.567/0001-21,Novo Mercado
265,Engie Brasil,ON,31/12/2020,Geração  transmissão e distribuição de energia elétrica,EGIE3,ativo,02.474.103/0001-19,Novo Mercado
266,Enjoei,ON,31/12/2020,Vendas por correio ou meio eletrônico,ENJU3,ativo,16.922.038/0001-51,Novo Mercado
267,Entrevias Concessionária de Rodov S/A,ON,31/12/2020,Atividades auxiliares ao transporte rodoviário,24341 ON,ativo,26.664.057/0001-89,-
268,Eqtl Maranhao,ON,31/12/2020,Geração  transmissão e distribuição de energia elétrica,EQMA3B,ativo,06.272.793/0001-84,Balcão Organizado
269,Eqtl Para,ON,31/12/2020,Geração  transmissão e distribuição de energia elétrica,EQPA3,ativo,04.895.728/0001-80,Tradicional
270,Equatorial,ON,31/12/2020,Geração  transmissão e distribuição de energia elétrica,EQTL3,ativo,03.220.438/0001-73,Novo Mercado
271,Equatorial Transmissora 7 Spe S/A,ON,31/12/2020,Geração  transmissão e distribuição de energia elétrica,24457 ON,ativo,26.845.702/0001-60,-
272,Equatorial Transmissora 8 Spe S/A,ON,31/12/2020,Geração  transmissão e distribuição de energia elétrica,24481 ON,ativo,27.967.244/0001-02,-
273,Escelsa,ON,31/12/2020,Geração  transmissão e distribuição de energia elétrica,ESCE3,cancelado,28.152.650/0001-71,-
274,Espacolaser,ON,31/12/2020,Outros serviços ambulatoriais de saúde,ESPA3,ativo,26.659.061/0001-59,Novo Mercado
275,Estapar,ON,31/12/2020,Administração de empresas e empreendimentos,ALPK3,ativo,60.537.263/0001-66,Novo Mercado
276,Estrela,PN,31/12/2020,Outras outras indústrias,ESTR4,ativo,61.082.004/0001-50,Tradicional
277,Eternit,ON,31/12/2020,Indústria de outros produtos de minerais não metálicos,ETER3,ativo,61.092.037/0001-81,Novo Mercado
278,Eucatex,PN,31/12/2020,Indústria de produtos de madeira compensada e afins,EUCA4,ativo,56.643.018/0001-66,Nível 1
279,Even,ON,31/12/2020,Construção de edifícios residenciais,EVEN3,ativo,43.470.988/0001-65,Novo Mercado
280,Excelsior,PN,31/12/2020,Outras indústrias de alimentos,BAUH4,ativo,95.426.862/0001-97,Tradicional
281,Ez Inc Incorporações Comerciais S/A,ON,31/12/2020,Construção de edifícios não residenciais,25380 ON,ativo,35.727.157/0001-06,-
282,Eztec,ON,31/12/2020,Construção de edifícios residenciais,EZTC3,ativo,08.312.229/0001-73,Novo Mercado
283,F Cataguazes,ON,31/12/2020,Geração  transmissão e distribuição de energia elétrica,FLCL3,cancelado,19.527.639/0001-58,-
284,Farmácia e Drogaria Nissei SA,ON,31/12/2020,Loja de artigos para saúde e cuidados pessoais,25429 ON,ativo,79.430.682/0001-22,-
285,Felcar Securitizadora S/A,ON,31/12/2020,Serviços financeiros e seguros,24333 ON,ativo,27.956.690/0001-03,-
286,Feniciapar S/A,ON,31/12/2019,Serviços financeiros e seguros,15024 ON,ativo,74.409.467/0001-26,-
287,Fer Heringer,ON,31/12/2020,Indústria de fertilizantes e pesticidas,FHER3,ativo,22.266.175/0001-88,Novo Mercado
288,Ferbasa,PN,31/12/2020,Fundição,FESA4,ativo,15.141.799/0001-03,Nível 1
289,Ferreira Gomes Energia SA,ON,31/12/2020,Geração  transmissão e distribuição de energia elétrica,22977 ON,ativo,12.489.315/0001-23,-
290,Ferrovia Norte Sul S/A,ON,31/12/2020,Transporte ferroviário,21814 ON,ativo,09.257.877/0001-37,-
291,Ferrovia Sul Atlantico S/A,ON,31/12/2020,Transporte ferroviário,15709 ON,ativo,01.258.944/0001-26,-
292,Finansinos,ON,31/12/2020,Bancos,FNCN3,ativo,91.669.747/0001-92,Tradicional
293,Fleury,ON,31/12/2020,Laboratório de exames médicos,FLRY3,ativo,60.840.055/0001-31,Novo Mercado
294,Flex S/A,ON,31/12/2020,Outros serviços de apoio,FLEX3,ativo,10.851.805/0001-00,Bovespa Mais
295,Focus ON,ON,31/12/2020,Geração  transmissão e distribuição de energia elétrica,POWE3,ativo,26.735.020/0001-02,Novo Mercado
296,Forte Capital Securities S/A,ON,31/12/2020,Serviços financeiros e seguros,22489 ON,ativo,12.979.898/0001-70,-
297,Fortunato Securitizadora S/A,ON,31/12/2020,Serviços financeiros e seguros,23566 ON,ativo,21.610.416/0001-00,-
298,Fras-Le,ON,31/12/2020,Indústria de autopeças,FRAS3,ativo,88.610.126/0001-29,Nível 1
299,Ftl Ferrovia Trans Log S/A,ON,31/12/2020,Transporte ferroviário,23370 ON,ativo,17.234.244/0001-31,-
300,Futuretel,ON,31/12/2018,Administração de empresas e empreendimentos,FTRT3B,cancelado,02.465.783/0001-04,Balcão Organizado
301,Gafisa,ON,31/12/2020,Construção de edifícios residenciais,GFSA3,ativo,01.545.826/0001-07,Novo Mercado
302,Gaia Agro Securitizadora S/A,ON,31/12/2020,Serviços financeiros e seguros,22764 ON,ativo,14.876.090/0001-93,-
303,Gaia Cred Securitizadora de Cred Finananceiros S/A,ON,31/12/2020,Serviços financeiros e seguros,24040 ON,ativo,20.646.442/0001-17,-
304,Gaia Securitizadora S/A,ON,31/12/2020,Serviços financeiros e seguros,20222 ON,ativo,07.587.384/0001-30,-
305,Gama Part,ON,31/12/2020,Administração de empresas e empreendimentos,OPGM3B,ativo,02.796.775/0001-40,Balcão Organizado
306,Generalshopp,ON,31/12/2020,Locadora de imóveis,GSHP3,ativo,08.764.621/0001-53,Novo Mercado
307,Ger Paranap,PN,31/12/2020,Geração  transmissão e distribuição de energia elétrica,GEPA4,ativo,02.998.301/0001-81,Tradicional
308,Gerdau,PN,31/12/2020,Transformação de aço em produtos de aço,GGBR4,ativo,33.611.500/0001-19,Nível 1
309,Gerdau Met,PN,31/12/2020,Transformação de aço em produtos de aço,GOAU4,ativo,92.690.783/0001-09,Nível 1
310,Geru Sec de Cred Financeiros S/A,ON,31/12/2020,Serviços financeiros e seguros,24538 ON,ativo,21.976.484/0001-89,-
311,Gol,PN,31/12/2020,Transporte aéreo regular,GOLL4,ativo,06.164.253/0001-87,Nível 2
312,GPC Part,ON,31/12/2020,Administração de empresas e empreendimentos,GPCP3,ativo,02.193.750/0001-52,Tradicional
313,Gps,ON,31/12/2020,Administração de empresas e empreendimentos,GGPS3,ativo,09.229.201/0001-30,Novo Mercado
314,Granbio Investimentos S/A,ON,30/09/2020,Agricultura,25321 ON,ativo,14.191.427/0001-29,-
315,Grazziotin,PN,31/12/2020,Loja de roupas,CGRA4,ativo,92.012.467/0001-70,Tradicional
316,Grendene,ON,31/12/2020,Indústria de calçados,GRND3,ativo,89.850.341/0001-60,Novo Mercado
317,Grupo Mateus,ON,31/12/2020,Loja de departamentos,GMAT3,ativo,24.990.777/0001-09,Novo Mercado
318,Grupo Natura,ON,31/12/2020,Comércio atacadista de bens não duráveis variados,NTCO3,ativo,32.785.497/0001-97,Novo Mercado
319,Grupo Sbf,ON,31/12/2020,Loja de artigos esportivos e instrumentos musicais,SBFG3,ativo,13.217.485/0001-11,Novo Mercado
320,Grupo Soma,ON,31/12/2020,Comércio atacadista de roupas,SOMA3,ativo,10.285.590/0001-08,Novo Mercado
321,Guararapes,ON,31/12/2020,Indústria de roupas de tecido,GUAR3,ativo,08.402.943/0001-52,Tradicional
322,Guardian Companhia Securitizadora,ON,30/09/2020,Serviços financeiros e seguros,24562 ON,ativo,30.788.149/0001-48,-
323,Habirasec Securitizadora S/A,ON,31/12/2020,Serviços financeiros e seguros,21628 ON,ativo,09.304.427/0001-58,-
324,Habitasul,PNA,31/12/2020,Administração de empresas e empreendimentos,HBTS5,ativo,87.762.563/0001-03,Tradicional
325,Haga S/A,PN,31/12/2020,Indústria de ferragens,HAGA4,ativo,30.540.991/0001-66,Tradicional
326,Hapvida,ON,31/12/2020,Serviços ambulatoriais de saúde,HAPV3,ativo,05.197.443/0001-38,Novo Mercado
327,Hauscenter S/A,ON,31/12/2020,Administração de empresas e empreendimentos,14850 ON,ativo,56.444.250/0001-75,-
328,Hbr Realty,ON,31/12/2020,Construção de edifícios residenciais,HBRE3,ativo,14.785.152/0001-51,Novo Mercado
329,Helbor,ON,31/12/2020,Construção de edifícios residenciais,HBOR3,ativo,49.263.189/0001-02,Novo Mercado
330,Hercules,PN,31/12/2020,Indústria de ferramentas de metal não motorizadas e cutelaria,HETA4,ativo,92.749.225/0001-63,Tradicional
331,Hidrovias,ON,31/12/2020,Transporte fluvial,HBSA3,ativo,12.648.327/0001-53,Novo Mercado
332,Hlasa Participações S/A,ON,31/12/2020,Administração de empresas e empreendimentos,25364 ON,ativo,39.393.829/0001-37,-
333,Hmobi Participações S/A,ON,31/12/2020,Administração de empresas e empreendimentos,25674 ON,ativo,40.159.947/0001-64,-
334,Hoteis Othon,PN,31/12/2020,Hotel  motel ou similar,HOOT4,ativo,33.200.049/0001-47,Tradicional
335,Housi S/A,ON,31/12/2020,Construção de edifícios residenciais,25313 ON,ativo,15.675.715/0001-11,-
336,Hypera,ON,31/03/2021,Outras outras indústrias,HYPE3,ativo,02.932.074/0001-91,Novo Mercado
337,Ifrasec Securitizadora S/A,ON,31/12/2020,Serviços financeiros e seguros,21750 ON,ativo,10.488.244/0001-19,-
338,IGB S/A,ON,30/09/2020,Indústria de equipamentos de áudio e vídeo,IGBR3,ativo,43.185.362/0001-07,Tradicional
339,Igua SA,ON,31/12/2020,Água  esgoto e outros sistemas,IGSN3,ativo,08.159.965/0001-33,Bovespa Mais
340,Iguatemi,ON,31/12/2020,Locadora de imóveis,IGTA3,ativo,51.218.147/0001-93,Novo Mercado
341,Ihpardini,ON,31/12/2020,Laboratório de exames médicos,PARD3,ativo,19.378.769/0001-76,Novo Mercado
342,Imc S/A,ON,31/12/2020,Loja de comida e bebida,MEAL3,ativo,17.314.329/0001-20,Novo Mercado
343,Inbrands SA,ON,31/12/2020,Loja de roupas,22560 ON,ativo,09.054.385/0001-44,-
344,Ind Cataguas,ON,31/12/2020,Tecelagens,CATA3,ativo,19.526.748/0001-50,Tradicional
345,Inds Romi,ON,31/03/2021,Indústria de máquinas industriais,ROMI3,ativo,56.720.428/0001-63,Novo Mercado
346,Inepar,PN,30/09/2020,Outras outras indústrias,INEP4,ativo,76.627.504/0001-06,Tradicional
347,Inepar Equip e Montagens S/A,ON,30/09/2020,Outras outras indústrias,17868 ON,ativo,02.258.422/0001-97,-
348,Intelbras,ON,31/12/2020,Indústria de equipamentos de comunicação,INTB3,ativo,82.901.000/0001-27,Novo Mercado
349,Inter SA,ON,31/12/2020,Construção de edifícios residenciais,INNT3,ativo,09.611.768/0001-76,Bovespa Mais
350,Intermedica,ON,31/12/2020,Laboratório de exames médicos,GNDI3,ativo,19.853.511/0001-84,Novo Mercado
351,Invepar,ON,31/12/2020,Atividades auxiliares ao transporte rodoviário,IVPR3B,ativo,03.758.318/0001-24,Balcão Organizado
352,Invest Bemge,ON,31/12/2020,Administração de empresas e empreendimentos,FIGE3,ativo,01.548.981/0001-79,Tradicional
353,Investco S/A,ON,31/12/2020,Geração  transmissão e distribuição de energia elétrica,18589 ON,ativo,00.644.907/0001-93,-
354,Iochp-Maxion,ON,31/12/2020,Indústria de autopeças,MYPK3,ativo,61.156.113/0001-75,Novo Mercado
355,Irani,ON,31/12/2020,Indústria de papel  celulose e papelão,RANI3,ativo,92.791.243/0001-03,Novo Mercado
356,Irbbrasil Re,ON,31/12/2020,Seguradora e corretora de seguros,IRBR3,ativo,33.376.989/0001-91,Novo Mercado
357,Isec Securitizadora S/A,ON,31/12/2020,Serviços financeiros e seguros,20818 ON,ativo,08.769.451/0001-08,-
358,Itapebi Geração de Energia S/A,ON,31/12/2020,Geração  transmissão e distribuição de energia elétrica,19364 ON,ativo,02.397.080/0001-96,-
359,Itausa,PN,31/12/2020,Administração de empresas e empreendimentos,ITSA4,ativo,61.532.644/0001-15,Nível 1
360,ItauUnibanco,PN,31/12/2020,Bancos,ITUB4,ativo,60.872.504/0001-23,Nível 1
361,J B Duarte,PN,31/12/2020,Indústria de alimentos,JBDU4,ativo,60.637.238/0001-54,Tradicional
362,J. Macedo S/A,ON,31/12/2020,Indústria de alimentos,21156 ON,ativo,14.998.371/0001-19,-
363,Jallesmachad,ON,31/12/2020,Outras outras indústrias,JALL3,ativo,02.635.522/0001-95,Novo Mercado
364,JBS,ON,31/12/2020,Abatedouros,JBSS3,ativo,02.916.265/0001-60,Novo Mercado
365,Jereissati,ON,31/12/2020,Administração de empresas e empreendimentos,JPSA3,ativo,60.543.816/0001-93,Tradicional
366,JHSF Malls S/A,ON,31/12/2020,Locadora de imóveis,24473 ON,ativo,07.859.510/0001-68,-
367,JHSF Part,ON,31/12/2020,Construção,JHSF3,ativo,08.294.224/0001-65,Novo Mercado
368,Josapar,ON,31/12/2020,Moinho de grãos,JOPA3,ativo,87.456.562/0001-22,Tradicional
369,JSL,ON,31/12/2020,Transporte rodoviário,JSLG3,ativo,52.548.435/0001-79,Novo Mercado
370,Kalunga S/A,ON,31/12/2020,Loja de artigos de escritório  papelaria e presentes,25631 ON,ativo,43.283.811/0001-50,-
371,Karsten,PN,31/12/2020,Indústria de roupas de tecido,CTKA4,ativo,82.640.558/0001-04,Tradicional
372,Kepler Weber,ON,31/12/2020,Indústria de estruturas metálicas,KEPL3,ativo,91.983.056/0001-69,Tradicional
373,K-Infra Rodov do Aço S/A,ON,31/12/2020,Atividades auxiliares ao transporte rodoviário,22446 ON,ativo,09.414.761/0001-64,-
374,Klabin S/A,UNT N2,31/12/2020,Indústria de papel  celulose e papelão,KLBN11,ativo,89.637.490/0001-45,Nível 2
375,Lavvi,ON,31/12/2020,Construção de edifícios residenciais,LAVV3,ativo,26.462.693/0001-28,Novo Mercado
376,Le Lis Blanc,ON,31/12/2020,Tecelagens,LLIS3,ativo,49.669.856/0001-43,Novo Mercado
377,Leads Cia Securitizadora,ON,31/12/2020,Serviços financeiros e seguros,23558 ON,ativo,21.414.457/0001-12,-
378,Lg Informática S/A,ON,31/12/2020,Indústria de equipamentos de áudio e vídeo,25666 ON,ativo,01.468.594/0001-22,-
379,Lifemed,ON,31/12/2020,Indústria de equipamentos e materiais para uso médico,LMED3,ativo,02.357.251/0001-53,Bovespa Mais
380,Light Energia S/A,ON,31/12/2020,Geração  transmissão e distribuição de energia elétrica,23000 ON,ativo,01.917.818/0001-36,-
381,Light S/A,ON,31/12/2020,Geração  transmissão e distribuição de energia elétrica,LIGT3,ativo,03.378.521/0001-75,Novo Mercado
382,Light Serv de Eletr S/A,ON,31/12/2020,Geração  transmissão e distribuição de energia elétrica,08036 ON,ativo,60.444.437/0001-46,-
383,Linha Amarela S/A,ON,31/12/2020,Atividades auxiliares ao transporte,24937 ON,ativo,00.974.211/0001-25,-
384,Linhas de Macapá Trans de Energia S/A,ON,31/12/2020,Geração  transmissão e distribuição de energia elétrica,23680 ON,ativo,10.234.027/0001-00,-
385,Linhas de Xingu Trans de Energia S/A,ON,31/12/2020,Geração  transmissão e distribuição de energia elétrica,23671 ON,ativo,10.240.186/0001-00,-
386,Linx,ON,31/12/2020,Editoras de software,LINX3,ativo,06.948.969/0001-75,Novo Mercado
387,Litel,ON,31/12/2020,Mineração de metais,LTEL3B,ativo,00.743.065/0001-27,Balcão Organizado
388,Litela,ON,30/09/2020,Mineração (exceto petróleo e gás),LTLA3B,ativo,05.495.546/0001-84,Balcão Organizado
389,Lm Transp Interestaduais Sev e Com S/A,ON,31/12/2020,Locadora de automóveis,24880 ON,ativo,00.389.481/0001-79,-
390,Localiza,ON,31/12/2020,Locadora de automóveis,RENT3,ativo,16.670.085/0001-55,Novo Mercado
391,Localiza Fleet S/A,ON,31/12/2020,Locadora de automóveis,024813 ON,ativo,02.286.479/0001-08,-
392,Locamerica,ON,31/12/2020,Locadora de automóveis,LCAM3,ativo,10.215.988/0001-60,Novo Mercado
393,Locaweb,ON,31/12/2020,Editoras de software,LWSA3,ativo,02.351.877/0001-52,Novo Mercado
394,Log Com Prop,ON,31/12/2020,Construção,LOGG3,ativo,09.041.168/0001-10,Novo Mercado
395,Log-In,ON,31/12/2020,Atividades auxiliares ao transporte,LOGN3,ativo,42.278.291/0001-24,Novo Mercado
396,Logos Cia Securitizadora S/A,ON,31/12/2020,Serviços financeiros e seguros,23477 ON,ativo,19.851.496/0001-35,-
397,Lojas Americ,PN,31/12/2020,Loja de departamentos,LAME4,ativo,33.014.556/0001-96,Nível 1
398,Lojas Arapua,PN,31/12/2019,Outras lojas de mercadorias variadas,LOAR4,cancelado,00.354.053/0001-00,-
399,Lojas Le Biscuit SA,ON,31/12/2020,Loja de mercadorias variadas,25542 ON,ativo,16.233.389/0001-55,-
400,Lojas Marisa,ON,31/12/2020,Loja de roupas,AMAR3,ativo,61.189.288/0001-89,Novo Mercado
401,Lojas Renner,ON,31/12/2020,Loja de roupas,LREN3,ativo,92.754.738/0001-62,Novo Mercado
402,Lopes Brasil,ON,31/12/2020,Atividades relacionadas a imóveis,LPSB3,ativo,08.078.847/0001-09,Novo Mercado
403,Lupatech,ON,31/12/2020,Forjarias e estamparias,LUPA3,ativo,89.463.822/0001-12,Novo Mercado
404,M.Diasbranco,ON,31/12/2020,Outras indústrias de alimentos,MDIA3,ativo,07.206.816/0001-15,Novo Mercado
405,Maestroloc,ON,31/12/2020,Locadora de automóveis,MSRO3,ativo,08.795.211/0001-70,Bovespa Mais
406,Magaz Luiza,ON,31/12/2020,Loja de departamentos,MGLU3,ativo,47.960.950/0001-21,Novo Mercado
407,Mangels Indl,PN,31/12/2020,Forjarias e estamparias,MGEL4,ativo,61.065.298/0001-02,Tradicional
408,Marcopolo,PN,31/12/2020,Indústria de carrocerias e trailers,POMO4,ativo,88.611.835/0001-29,Nível 2
409,Marfrig,ON,31/12/2020,Abatedouros,MRFG3,ativo,03.853.896/0001-40,Novo Mercado
410,Marina de Iracema Park S/A,ON,31/12/2020,Hotel e outros tipos de acomodação,16268 ON,ativo,07.334.600/0001-35,-
411,Mater Dei,ON,31/12/2020,Serviços ambulatoriais de saúde,MATD3,ativo,16.676.520/0001-59,Novo Mercado
412,Mbk Securitizadora S/A,ON,31/12/2020,Serviços financeiros e seguros,22861 ON,ativo,15.688.041/0001-90,-
413,Melhor SP,ON,31/12/2020,Indústria de produtos de papel e papelão,MSPA3,ativo,60.730.348/0001-66,Tradicional
414,Meliuz,ON,31/12/2020,Outros serviços de Informação,CASH3,ativo,14.110.585/0001-07,Novo Mercado
415,Melnick,ON,31/12/2020,Construção de edifícios residenciais,MELK3,ativo,12.181.987/0001-77,Novo Mercado
416,Mendes Jr,PNA,31/12/2020,Outras construções pesadas e de engenharia civil,MEND5,cancelado,17.162.082/0001-73,Tradicional
417,Menezes Cort,ON,31/12/2020,Outras atividades auxiliares ao transporte,MNZC3B,ativo,02.664.042/0001-52,Balcão Organizado
418,Merc Brasil,PN,31/12/2020,Bancos,BMEB4,ativo,17.184.037/0001-10,Nível 1
419,Merc Financ,ON,31/12/2020,Bancos,MERC3,ativo,33.040.601/0001-87,Tradicional
420,Merc Invest,PN,31/12/2020,Bancos,BMIN4,ativo,34.169.557/0001-72,Tradicional
421,Metal Iguacu,PN,31/12/2020,Outras indústrias de produtos de metal,MTIG4,ativo,80.227.184/0001-66,Tradicional
422,Metal Leve,ON,31/12/2020,Indústria de autopeças,LEVE3,ativo,60.476.884/0001-87,Novo Mercado
423,Metalfrio,ON,31/12/2020,Indústria de equipamentos de refrigeração,FRIO3,ativo,04.821.041/0001-08,Novo Mercado
424,Metanor S/A Metanol do Ne,ON,31/12/2020,Indústria de outros produtos químicos,08745 ON,ativo,16.234.171/0001-15,-
425,Metisa,PN,31/12/2020,Outras indústrias de produtos de metal,MTSA4,ativo,86.375.425/0001-09,Tradicional
426,Mgi Minas Gerais Part SA,ON,31/12/2020,Administração de empresas e empreendimentos,22942 ON,ativo,19.296.342/0001-29,-
427,Mills,ON,31/12/2020,Serviços de engenharia e arquitetura,MILS3,ativo,27.093.558/0001-15,Novo Mercado
428,Minasmaquinas,PN,31/12/2020,Concessionárias de outros veículos motorizados,MMAQ4,ativo,17.161.241/0001-15,Tradicional
429,Minerva,ON,31/12/2020,Abatedouros,BEEF3,ativo,67.620.377/0001-14,Novo Mercado
430,Minupar,ON,31/12/2020,Abatedouros,MNPR3,ativo,90.076.886/0001-40,Tradicional
431,Mississipi Securitizadora S/A,ON,31/12/2020,Serviços financeiros e seguros,25151 ON,ativo,37.592.100/0001-64,-
432,Mitre,ON,31/12/2020,Construção de edifícios residenciais,MTRE3,ativo,07.882.930/0001-65,Novo Mercado
433,Mlog S/A,ON,30/09/2020,Administração de empresas e empreendimentos,22586 ON,ativo,13.444.994/0001-87,-
434,MMX Miner,ON,31/12/2020,Mineração de metais,MMXM3,ativo,02.762.115/0001-49,Novo Mercado
435,Mobly,ON,31/12/2020,Vendas por correio ou meio eletrônico,MBLY3,ativo,31.553.627/0001-01,Novo Mercado
436,Mont Aranha,ON,31/12/2020,Administração de empresas e empreendimentos,MOAR3,ativo,33.102.476/0001-92,Tradicional
437,Mosaico SA,ON,31/12/2020,Vendas por correio ou meio eletrônico,MOSI3,ativo,09.083.175/0001-84,Novo Mercado
438,Moura Dubeux,ON,31/12/2020,Construção de edifícios residenciais,MDNE3,ativo,12.049.631/0001-84,Novo Mercado
439,Movida,ON,31/03/2021,Locadora de automóveis,MOVI3,ativo,21.314.559/0001-66,Novo Mercado
440,Mrs Logist,ON,31/12/2020,Transporte ferroviário,MRSA3B,ativo,01.417.222/0001-77,Balcão Organizado
441,MRV,ON,31/12/2020,Construção de edifícios residenciais,MRVE3,ativo,08.343.492/0001-20,Novo Mercado
442,Multiner S/A,ON,31/12/2020,Empresa de eletricidade  gás e água,21520 ON,cancelado,08.935.054/0001-50,-
443,Multiplan,ON,31/12/2020,Locadora de imóveis,MULT3,ativo,07.816.890/0001-53,Nível 2
444,Mundial,ON,31/12/2020,Indústria de ferragens,MNDL3,ativo,88.610.191/0001-54,Tradicional
445,Nacional,PN,31/12/1995,Bancos,BNAC4,cancelado,17.157.777/0001-67,-
446,Natura Cosmeticos S/A,ON,-,Comércio atacadista de bens não duráveis variados,19550 ON,ativo,71.673.990/0001-77,-
447,Ncf Participações S/A,ON,31/12/2020,Administração de empresas e empreendimentos,24015 ON,ativo,04.233.319/0001-18,-
448,Neoenergia,ON,31/12/2020,Geração  transmissão e distribuição de energia elétrica,NEOE3,ativo,01.083.200/0001-18,Novo Mercado
449,Neogrid,ON,31/12/2020,Editoras de software,NGRD3,ativo,10.139.870/0001-08,Novo Mercado
450,Neumarkt Trade And Fin S/A,ON,31/12/2020,Construção,14613 ON,ativo,00.192.769/0001-59,-
451,Newtel Part,ON,31/12/2018,Telecomunicações,NEWT3B,cancelado,02.604.997/0001-14,Balcão Organizado
452,Nord Brasil,ON,31/12/2020,Bancos,BNBR3,ativo,07.237.373/0001-20,Tradicional
453,Nordon Met,ON,31/12/2020,Indústria de outros tipos de máquinas,NORD3,ativo,60.884.319/0001-59,Tradicional
454,Nortcquimica,ON,31/12/2020,Indústria de remédios,NRTQ3,ativo,29.950.060/0001-57,Bovespa Mais
455,Norte Brasil Transm de Energia S/A,ON,31/12/2020,Geração  transmissão e distribuição de energia elétrica,24988 ON,ativo,09.625.321/0001-56,-
456,Norte Energia SA,ON,31/03/2021,Geração  transmissão e distribuição de energia elétrica,25097 ON,ativo,12.300.288/0001-07,-
457,Nova Securitizadora S/A,ON,31/12/2020,Serviços financeiros e seguros,23906 ON,ativo,15.377.572/0001-61,-
458,Nova Transportadora do Sudeste S/A - Nts,ON,31/12/2020,Transporte de gás natural por tubos,24708 ON,ativo,04.992.714/0001-84,-
459,Nutriplant,ON,31/12/2020,Indústria de fertilizantes e pesticidas,NUTR3,ativo,51.128.999/0001-90,Bovespa Mais
460,Oceana Offshore S/A,ON,31/12/2020,Administração de empresas e empreendimentos,23620 ON,ativo,14.882.295/0001-81,-
461,Oceanpact,ON,31/12/2020,Mineração  exploração de pedreiras e extração de petróleo e gás,OPCT3,ativo,09.114.805/0001-30,Novo Mercado
462,Octante Securitizadora S/A,ON,31/12/2020,Serviços financeiros e seguros,22390 ON,ativo,12.139.922/0001-63,-
463,Oderich,PN,31/12/2020,Indústria de frutas e vegetais em conserva e comidas especiais,ODER4,ativo,97.191.902/0001-94,Tradicional
464,Odontoprev,ON,31/12/2020,Consultório odontológico,ODPV3,ativo,58.119.199/0001-51,Novo Mercado
465,Oi,ON,31/12/2020,Telecomunicações,OIBR3,ativo,76.535.764/0001-43,Nível 1
466,Omega Ger,ON,31/12/2020,Administração de empresas e empreendimentos,OMGE3,ativo,09.149.503/0001-06,Novo Mercado
467,Opport Energ,ON,31/12/2020,Administração de empresas e empreendimentos,OPHE3B,ativo,02.318.346/0001-68,Balcão Organizado
468,Orizon,ON,31/12/2020,Empresa de eletricidade  gás e água,ORVR3,ativo,11.421.994/0001-36,Novo Mercado
469,OSX Brasil,ON,31/12/2020,Estaleiros,OSXB3,ativo,09.112.685/0001-32,Novo Mercado
470,Ourinvest Securitizadora S/A,ON,31/12/2020,Serviços financeiros e seguros,22250 ON,ativo,12.320.349/0001-90,-
471,Ouro Verde Loc e Serv SA,ON,31/12/2020,Locadora de automóveis,23280 ON,ativo,75.609.123/0001-23,-
472,Ourofino S/A,ON,31/12/2020,Indústria de remédios,OFSA3,ativo,20.258.278/0001-70,Novo Mercado
473,P.Acucar-Cbd,ON,31/12/2020,Loja de departamentos,PCAR3,ativo,47.508.411/0001-56,Novo Mercado
474,Pacaembu Construtora S/A,ON,31/12/2020,Construção de edifícios residenciais,25143 ON,ativo,96.298.013/0001-68,-
475,Padtec,ON,31/12/2020,Editoras de software,PDTC3,ativo,02.365.069/0001-44,Tradicional
476,Pague Menos,ON,31/12/2020,Loja de mercadorias variadas,PGMN3,ativo,06.626.253/0001-51,Novo Mercado
477,Panamericano Arrend Merc S/A,ON,31/12/2020,Atividades relacionadas à intermediação de crédito,18554 ON,ativo,02.682.287/0001-02,-
478,Panatlantica,ON,31/12/2020,Transformação de aço em produtos de aço,PATI3,ativo,92.693.019/0001-89,Tradicional
479,Par Al Bahia,ON,31/12/2020,Administração de empresas e empreendimentos,PEAB3,ativo,01.938.783/0001-11,Tradicional
480,Parana,PN,31/12/2020,Bancos,PRBC4,cancelado,14.388.334/0001-99,Tradicional
481,Participacoes Ind do Nordeste S/A,ON,31/12/2020,Administração de empresas e empreendimentos,01597 ON,ativo,14.308.514/0001-13,-
482,Patria Cia Sec de Cred Imob,ON,31/12/2020,Serviços financeiros e seguros,18236 ON,ativo,02.736.470/0001-43,-
483,Paul F Luz,PNC,31/12/2020,Geração  transmissão e distribuição de energia elétrica,PALF7,cancelado,33.050.196/0001-88,-
484,PDG Cia Securitizadora,ON,31/12/2020,Serviços financeiros e seguros,21644 ON,ativo,09.538.973/0001-53,-
485,PDG Realt,ON,31/12/2020,Construção de edifícios residenciais,PDGR3,ativo,02.950.811/0001-89,Novo Mercado
486,Pet Manguinh,ON,31/12/2020,Indústria de produtos de petróleo e carvão,RPMG3,ativo,33.412.081/0001-96,Tradicional
487,Petrobras,PN,31/12/2020,Extração de petróleo e gás,PETR4,ativo,33.000.167/0001-01,Nível 2
488,Petrobras BR,ON,31/12/2020,Comércio atacadista de petróleo e produtos de petróleo,BRDT3,ativo,34.274.233/0001-02,Novo Mercado
489,Petroleo Lub do Nordeste S/A,ON,31/12/2020,Extração de petróleo e gás,09520 ON,ativo,07.275.159/0001-68,-
490,Petrorio,ON,31/12/2020,Extração de petróleo e gás,PRIO3,ativo,10.629.105/0001-68,Novo Mercado
491,Pettenati,ON,31/12/2020,Tecelagens,PTNT3,ativo,88.613.658/0001-10,Tradicional
492,Petz,ON,31/12/2020,Comércio atacadista de bens não duráveis variados,PETZ3,ativo,18.328.118/0001-09,Novo Mercado
493,Pine,PN,31/12/2020,Bancos,PINE4,ativo,62.144.175/0001-20,Nível 2
494,Pjbank Securitizadora S/A,ON,31/12/2020,Serviços financeiros e seguros,24791 ON,ativo,33.679.797/0001-54,-
495,Planoeplano,ON,31/12/2020,Construção de edifícios residenciais,PLPL3,ativo,24.230.275/0001-80,Novo Mercado
496,Plascar Part,ON,31/12/2020,Indústria de autopeças,PLAS3,ativo,51.928.174/0001-50,Tradicional
497,Polo Capital Securitizadora S/A,ON,31/12/2020,Serviços financeiros e seguros,22160 ON,ativo,12.261.588/0001-16,-
498,Polpar,ON,31/12/2020,Administração de empresas e empreendimentos,PPAR3,ativo,59.789.545/0001-71,Tradicional
499,Pomifrutas,ON,31/12/2020,Cultivo de frutas e nozes,FRTA3,ativo,86.550.951/0001-50,Novo Mercado
500,Porto Seguro,ON,31/12/2020,Seguradora,PSSA3,ativo,02.149.205/0001-69,Novo Mercado
501,Porto Sudeste V. M. S/A,ON,31/12/2020,Administração de empresas e empreendimentos,23523 ON,ativo,18.494.485/0001-82,-
502,Portobello,ON,31/12/2020,Indústria de produtos de cerâmica e refratários,PTBL3,ativo,83.475.913/0001-91,Novo Mercado
503,Portuense Ferragens S/A,ON,31/12/2020,Construção,09717 ON,ativo,04.912.242/0001-02,-
504,Positivo Tec,ON,31/12/2020,Indústria de computadores e periféricos,POSI3,ativo,81.243.735/0001-48,Novo Mercado
505,Pratica,ON,31/12/2020,Indústria de eletrodomésticos,PTCA3,ativo,08.574.411/0001-00,Bovespa Mais Nível 2
506,Pratimar Engenharia S/A,ON,31/12/2020,Construção de edifícios residenciais,25305 ON,ativo,23.236.821/0001-27,-
507,Priner,ON,31/12/2020,Construção de edifícios residenciais,PRNR3,ativo,18.593.815/0001-97,Novo Mercado
508,Profarma,ON,31/12/2020,Comércio atacadista de remédios,PFRM3,ativo,45.453.214/0001-51,Novo Mercado
509,Prolagos S/A,ON,31/12/2020,Água  esgoto e outros sistemas,23469 ON,ativo,02.382.073/0001-10,-
510,Proman,ON,31/12/2020,Empresa de eletricidade  gás e água,PRMN3B,cancelado,02.291.077/0001-93,Balcão Organizado
511,Prompt,ON,31/12/2020,Administração de empresas e empreendimentos,PRPT3B,ativo,02.992.449/0001-09,Balcão Organizado
512,Qualicorp,ON,31/12/2020,Outros serviços ambulatoriais de saúde,QUAL3,ativo,11.992.680/0001-93,Novo Mercado
513,Quality Soft,ON,31/12/2020,Editoras de software,QUSW3,ativo,35.791.391/0001-94,Bovespa Mais
514,Quero-Quero,ON,31/12/2020,Outras lojas de mercadorias variadas,LJQQ3,ativo,96.418.264/0218-02,Novo Mercado
515,RaiaDrogasil,ON,31/12/2020,Loja de artigos para saúde e cuidados pessoais,RADL3,ativo,61.585.865/0001-51,Novo Mercado
516,Raizen Energia SA,ON,31/12/2020,Geração  transmissão e distribuição de energia elétrica,23230 ON,ativo,08.070.508/0001-78,-
517,Randon Part,PN,31/12/2020,Indústria de carrocerias e trailers,RAPT4,ativo,89.086.144/0001-16,Nível 1
518,Rb Capital Cia de Securitizacao,ON,31/12/2020,Serviços financeiros e seguros,18406 ON,ativo,02.773.542/0001-22,-
519,Reag Securities - Sec de Cred Imob S/A,ON,31/12/2020,Serviços financeiros e seguros,23760 ON,ativo,20.451.953/0001-83,-
520,Real Ai Pic Sec de Cred Imob S/A,ON,31/12/2020,Serviços financeiros e seguros,18430 ON,ativo,02.643.896/0001-52,-
521,Recrusul,ON,31/12/2020,Indústria de carrocerias e trailers,RCSL3,ativo,91.333.666/0001-17,Tradicional
522,Rede D Or,ON,31/12/2020,Laboratório de exames médicos,RDOR3,ativo,06.047.087/0001-39,Novo Mercado
523,Rede Energia,ON,31/12/2020,Geração  transmissão e distribuição de energia elétrica,REDE3,ativo,61.584.140/0001-49,Tradicional
524,Reit Secur de Rerc Imob S/A,ON,31/12/2020,Serviços financeiros e seguros,22802 ON,ativo,13.349.677/0001-81,-
525,Renova,PN,31/12/2020,Geração  transmissão e distribuição de energia elétrica,RNEW4,ativo,08.534.605/0001-74,Nível 2
526,Rio Alto Energias Renováveis S/A,,31/12/2020,Geração  transmissão e distribuição de energia elétrica,25720 ON,ativo,38.199.406/0001-18,-
527,Rio Parana Energia S/A,ON,31/12/2020,Geração  transmissão e distribuição de energia elétrica,25623 ON,ativo,23.096.269/0001-19,-
528,Rioloan 2 Cia Sec de Cred Financeiros,ON,31/12/2020,Serviços financeiros e seguros,24368 ON,ativo,28.442.718/0001-57,-
529,Riosulense,PN,31/12/2020,Indústria de autopeças,RSUL4,ativo,85.778.074/0001-06,Tradicional
530,Riva 9 Empreend Imobiliários S/A,ON,31/12/2020,Construção de edifícios residenciais,24996 ON,ativo,13.457.942/0001-45,-
531,Rni,ON,31/12/2020,Construção de edifícios residenciais,RDNI3,ativo,67.010.660/0001-24,Novo Mercado
532,Rodonorte - Concess Rod. Integradas S/A,ON,31/12/2020,Atividades auxiliares ao transporte rodoviário,19151 ON,ativo,02.221.531/0001-30,-
533,Rodovias Das Colinas SA,ON,31/12/2020,Atividades auxiliares ao transporte rodoviário,23167 ON,ativo,03.025.305/0001-46,-
534,Romaxis Securitizadora S/A,ON,31/12/2020,Serviços financeiros e seguros,24686 ON,ativo,29.088.092/0001-95,-
535,Rossi Resid,ON,31/12/2020,Construção de edifícios residenciais,RSID3,ativo,61.065.751/0001-80,Novo Mercado
536,Rumo Malha Paulista S/A,ON,31/12/2020,Transporte ferroviário,17930 ON,ativo,02.502.844/0001-66,-
537,Rumo S.A.,ON,31/12/2020,Transporte ferroviário,RAIL3,ativo,02.387.241/0001-60,Novo Mercado
538,Saber Serviços Educacionais S/A,ON,31/12/2020,Educacão,24490 ON,ativo,03.818.379/0001-30,-
539,Sabesp,ON,31/12/2020,Água  esgoto e outros sistemas,SBSP3,ativo,43.776.517/0001-80,Novo Mercado
540,Salus Infra Protuaria S/A,ON,31/12/2020,Serviço de armazenamento,23540 ON,ativo,15.494.541/0001-90,-
541,Sanasa - Soc de Abast de Agua e Saneamento S/A,ON,31/12/2020,Água  esgoto e outros sistemas,16241 ON,ativo,46.119.855/0001-37,-
542,Saneamento de Goias S/A,ON,31/12/2020,Água  esgoto e outros sistemas,19186 ON,ativo,01.616.929/0001-02,-
543,Saneatins - Cia de Saneamento do Tocantins,ON,31/12/2020,Água  esgoto e outros sistemas,23809 ON,ativo,25.089.509/0001-83,-
544,Sanepar,UNT N2,31/12/2020,Água  esgoto e outros sistemas,SAPR11,ativo,76.484.013/0001-45,Nível 2
545,Sanesalto Saneamento S/A,ON,31/12/2020,Água  esgoto e outros sistemas,19593 ON,ativo,02.724.983/0001-34,-
546,Sansuy,PNA,31/12/2020,Indústria de produtos de plástico,SNSY5,ativo,14.807.945/0001-24,Tradicional
547,Santa Catarina Part Invest S/A,ON,31/12/2020,Administração de empresas e empreendimentos,15199 ON,ativo,00.897.864/0001-58,-
548,Santander BR,UNT,31/12/2020,Bancos,SANB11,ativo,90.400.888/0001-42,Tradicional
549,Santanense,ON,31/12/2020,Tecelagens,CTSA3,ativo,21.255.567/0001-89,Tradicional
550,Santo Antonio Energia SA,ON,31/12/2020,Geração  transmissão e distribuição de energia elétrica,23388 ON,ativo,09.391.823/0001-60,-
551,Santos Brp,ON,31/12/2020,Atividades auxiliares ao transporte aquático,STBP3,ativo,02.762.121/0001-04,Novo Mercado
552,Sao Carlos,ON,31/12/2020,Locadora de imóveis,SCAR3,ativo,29.780.061/0001-09,Novo Mercado
553,Sao Martinho,ON,31/12/2020,Outras outras indústrias,SMTO3,ativo,51.466.860/0001-56,Novo Mercado
554,Saraiva Livr,PN,31/12/2020,Editoras de jornais  revistas  livros e similares,SLED4,ativo,60.500.139/0001-26,Nível 2
555,Sbf Com de Prod Esportivos SA,ON,31/12/2020,Loja de artigos esportivos e instrumentos musicais,25410 ON,ativo,06.347.409/0001-65,-
556,Schlosser,PN,31/12/2020,Tecelagens,SCLO4,cancelado,82.981.929/0001-03,Tradicional
557,Schulz,PN,31/12/2020,Indústria de autopeças,SHUL4,ativo,84.693.183/0001-68,Tradicional
558,Seg Al Bahia,ON,31/12/2020,Seguradora,CSAB3,ativo,15.144.017/0001-90,Tradicional
559,Seiva S/A - Florestas e Indústrias,ON,31/12/2020,Administração de empresas e empreendimentos,10561 ON,ativo,87.043.832/0001-73,-
560,Seneca Companhia Securitizadora,ON,31/12/2020,Serviços financeiros e seguros,23698 ON,ativo,22.495.265/0001-40,-
561,Sequoia Log,ON,31/12/2020,Transporte rodoviário,SEQL3,ativo,01.599.101/0001-93,Novo Mercado
562,Ser Educa,ON,31/12/2020,Escola de ensino superior,SEER3,ativo,04.986.320/0001-13,Novo Mercado
563,Serra Azul Water Park S/A,ON,31/12/2020,Administração de empresas e empreendimentos,14966 ON,ativo,00.545.378/0001-70,-
564,Sid Nacional,ON,31/12/2020,Transformação de aço em produtos de aço,CSNA3,ativo,33.042.730/0001-04,Tradicional
565,Simpar,ON,31/12/2020,Transporte rodoviário,SIMH3,ativo,07.415.333/0001-20,Novo Mercado
566,Sinqia,ON,31/12/2020,Editoras de software,SQIA3,ativo,04.065.791/0001-99,Novo Mercado
567,SLC Agricola,ON,31/12/2020,Agricultura,SLCE3,ativo,89.096.457/0001-55,Novo Mercado
568,Smart Fit,ON,31/12/2020,Outras indústrias da recreação,SMFT3,ativo,07.594.978/0001-78,Bovespa Mais Nível 2
569,Smiles,ON,31/03/2021,Outros serviços de apoio,SMLS3,ativo,05.730.375/0001-20,Novo Mercado
570,Snb Participacoes S/A,ON,31/12/2020,Administração de empresas e empreendimentos,14303 ON,ativo,73.903.718/0001-61,-
571,Sondotecnica,PNA,31/12/2020,Consultoria administrativa  científica e técnica,SOND5,ativo,33.386.210/0001-19,Tradicional
572,Springs,ON,31/12/2020,Indústria de roupas de tecido,SGPS3,ativo,07.718.269/0001-57,Novo Mercado
573,SPturis,ON,31/12/2020,Outros serviços de apoio,AHEB3,ativo,62.002.886/0001-60,Tradicional
574,Stara,ON,31/12/2020,Industria de máquinas agrícolas  de construção e mineração,STTR3,ativo,91.495.499/0001-00,Bovespa Mais
575,Statkraft,ON,31/12/2020,Geração  transmissão e distribuição de energia elétrica,STKF3,ativo,00.622.416/0001-41,Tradicional
576,Sudeste,ON,31/12/2020,Administração de empresas e empreendimentos,OPSE3B,ativo,02.062.747/0001-08,Balcão Organizado
577,Sugoi Incorporadora e Construtora S/A,ON,31/12/2020,Construção,23957 ON,ativo,13.584.310/0001-42,-
578,Sul 116 Part,ON,31/12/2020,Telecomunicações,OPTS3B,ativo,01.957.772/0001-89,Balcão Organizado
579,Sul America,UNT N2,31/12/2020,Seguradora,SULA11,ativo,29.978.814/0001-87,Nível 2
580,Sultepa,ON,31/12/2020,Construção de estradas  ruas  pontes e túneis,SULT3,cancelado,89.723.993/0001-33,Tradicional
581,Suzano Hold,PNA,31/12/2020,Administração de empresas e empreendimentos,NEMO5,ativo,60.651.809/0001-05,Tradicional
582,Suzano S.A.,ON,31/12/2020,Indústria de papel  celulose e papelão,SUZB3,ativo,16.404.287/0001-55,Novo Mercado
583,Taesa,UNT N2,31/12/2020,Geração  transmissão e distribuição de energia elétrica,TAEE11,ativo,07.859.971/0001-30,Nível 2
584,Taurus Armas,PN,31/12/2020,Outras indústrias de produtos de metal,TASA4,ativo,92.781.335/0001-02,Nível 2
585,Tcp Terminal de Contêineres de Paranaguá S/A,ON,31/12/2020,Serviço de armazenamento,24066 ON,ativo,12.919.786/0001-24,-
586,Tec Blumenau,PNC,31/12/2020,Indústria de roupas de tecido,TENE7,cancelado,08.424.178/0001-71,Tradicional
587,Tecel S Jose,PN,31/12/2020,Tecelagens,SJOS4,cancelado,17.159.005/0001-64,Tradicional
588,Technos,ON,31/12/2020,Outras indústrias,TECN3,ativo,09.295.063/0001-97,Novo Mercado
589,Tecnisa,ON,31/12/2020,Construção de edifícios residenciais,TCSA3,ativo,08.065.557/0001-12,Novo Mercado
590,Tecnosolo,PN,31/12/2020,Consultoria administrativa  científica e técnica,TCNO4,ativo,33.111.246/0001-90,Tradicional
591,Tegma,ON,31/12/2020,Atividades auxiliares ao transporte,TGMA3,ativo,02.351.144/0001-18,Novo Mercado
592,Teka,PN,31/12/2020,Indústria de roupas de tecido,TEKA4,ativo,82.636.986/0001-55,Tradicional
593,Tekno,PN,31/12/2020,Outras indústrias de produtos de metal,TKNO4,ativo,33.467.572/0001-34,Tradicional
594,Telebras,PN,31/12/2020,Telecomunicações,TELB4,ativo,00.336.701/0001-04,Tradicional
595,Telef Brasil,ON,31/12/2020,Telecomunicações,VIVT3,ativo,02.558.157/0001-62,Tradicional
596,Tenda,ON,31/12/2020,Construção de edifícios residenciais,TEND3,ativo,71.476.527/0001-35,Novo Mercado
597,Termeletrica Pernambuco 3 SA,ON,31/12/2020,Geração  transmissão e distribuição de energia elétrica,23329 ON,ativo,10.502.676/0001-37,-
598,Terminais Port da Ponta Felix S/A,ON,31/12/2020,Atividades auxiliares ao transporte aquático,15407 ON,ativo,85.041.333/0001-11,-
599,Termopernambuco S/A,ON,31/12/2020,Geração  transmissão e distribuição de energia elétrica,19852 ON,ativo,03.795.050/0001-09,-
600,Terra Santa,ON,31/12/2020,Outras outras indústrias,TESA3,ativo,05.799.312/0001-20,Novo Mercado
601,Tex Renaux,PN,31/12/2020,Tecelagens,TXRX4,ativo,82.982.075/0001-80,Tradicional
602,Tim,ON,31/12/2020,Telecomunicações,TIMS3,ativo,02.421.421/0001-11,Novo Mercado
603,Time For Fun,ON,31/12/2020,Apresentações artísticas,SHOW3,ativo,02.860.694/0001-62,Novo Mercado
604,Totvs,ON,31/12/2020,Editoras de software,TOTS3,ativo,53.113.791/0001-22,Novo Mercado
605,Track Field,PN,31/12/2020,Loja de roupas,TFCO4,ativo,59.418.806/0001-47,Nível 2
606,Tran Paulist,PN,31/12/2020,Geração  transmissão e distribuição de energia elétrica,TRPL4,ativo,02.998.611/0001-04,Nível 1
607,Transbrasiliana Concess de Rodov S/A,ON,31/12/2020,Atividades auxiliares ao transporte rodoviário,22225 ON,ativo,09.074.183/0001-64,-
608,Transnordestina Logistica S/A,ON,31/12/2020,Atividades auxiliares ao transporte rodoviário,20443 ON,ativo,02.281.836/0001-37,-
609,Travessia Sec de Cred Financeiros XIV S/A,ON,31/12/2020,Serviços financeiros e seguros,25240 ON,ativo,38.042.694/0001-00,-
610,Travessia Securitizadora S/A,ON,31/12/2020,Serviços financeiros e seguros,24082 ON,ativo,26.609.050/0001-64,-
611,Trevisa,PN,31/12/2020,Administração de empresas e empreendimentos,LUXM4,ativo,92.660.570/0001-26,Tradicional
612,Triangulo do Sol Auto Estrada SA,ON,31/12/2020,Atividades auxiliares ao transporte rodoviário,23060 ON,ativo,02.509.186/0001-34,-
613,Triple Play Brasil Participações S/A,ON,31/12/2020,Telecomunicações,25194 ON,ativo,23.438.929/0001-00,-
614,Trisul,ON,31/12/2020,Construção de edifícios residenciais,TRIS3,ativo,08.811.643/0001-27,Novo Mercado
615,Triunfo Part,ON,31/12/2020,Atividades auxiliares ao transporte rodoviário,TPIS3,ativo,03.014.553/0001-91,Novo Mercado
616,Trx Sec de Cred Imob S/A,ON,31/12/2020,Serviços financeiros e seguros,22420 ON,ativo,11.716.471/0001-17,-
617,Tupy,ON,31/12/2020,Indústria de autopeças,TUPY3,ativo,84.683.374/0001-49,Novo Mercado
618,Ultrapar,ON,31/12/2020,Comércio atacadista de petróleo e produtos de petróleo,UGPA3,ativo,33.256.439/0001-39,Novo Mercado
619,Unicasa,ON,31/12/2020,Indústria de móveis e afins,UCAS3,ativo,90.441.460/0001-48,Novo Mercado
620,Unidas SA,ON,31/12/2020,Locadora de automóveis,21555 ON,ativo,04.437.534/0001-30,-
621,Unipar,PNB,31/12/2020,Indústria química,UNIP6,ativo,33.958.695/0001-78,Tradicional
622,Up Engenharia e Urbanismo S/A,ON,30/06/2020,Construção de edifícios residenciais,24856 ON,ativo,34.591.574/0001-01,-
623,Uptick,ON,31/12/2020,Empresa de eletricidade  gás e água,UPKP3B,ativo,02.162.616/0001-94,Balcão Organizado
624,Urba Desenvolvimento Urbano S/A,ON,31/12/2020,Construção,25437 ON,ativo,10.571.175/0001-02,-
625,Usiminas,PNA,31/03/2021,Transformação de aço em produtos de aço,USIM5,ativo,60.894.730/0001-05,Nível 1
626,Usina Termelétrica Pampa Sul S/A,ON,31/12/2020,Geração  transmissão e distribuição de energia elétrica,24945 ON,ativo,04.739.720/0001-24,-
627,Vale,ON,31/03/2021,Mineração de metais,VALE3,ativo,33.592.510/0001-54,Novo Mercado
628,Valid,ON,31/12/2020,Impressão e atividades auxiliares,VLID3,ativo,33.113.309/0001-47,Novo Mercado
629,Vamos,ON,31/03/2021,Serviços de locação e leasing,VAMO3,ativo,23.373.000/0001-32,Novo Mercado
630,Ventos do Sul Energia SA,ON,31/12/2020,Geração  transmissão e distribuição de energia elétrica,24767 ON,ativo,06.016.348/0001-53,-
631,Venture Capital Participações e Investimentos S/A,ON,30/09/2019,Administração de empresas e empreendimentos,24309 ON,ativo,24.241.659/0001-06,-
632,Vert Companhia Securitizadora,ON,31/12/2020,Serviços financeiros e seguros,23990 ON,ativo,25.005.683/0001-09,-
633,Viabahia Conc de Rodov S/A,ON,31/12/2020,Atividades auxiliares ao transporte rodoviário,22926 ON,ativo,10.670.314/0001-55,-
634,Viapaulista S/A,ON,31/12/2020,Atividades auxiliares ao transporte rodoviário,25607 ON,ativo,28.019.100/0001-89,-
635,Viarondon Conc de Rodov S/A,ON,31/12/2020,Atividades auxiliares ao transporte rodoviário,22543 ON,ativo,10.635.691/0001-53,-
636,Viavarejo,ON,31/12/2020,Loja de departamentos,VVAR3,ativo,33.041.260/0652-90,Novo Mercado
637,Vision Securitizadora,ON,31/12/2020,Serviços financeiros e seguros,21075 ON,ativo,08.937.002/0001-13,-
638,Vivara S.A.,ON,31/12/2020,Loja de jóias  malas e artigos de couro,VIVA3,ativo,33.839.910/0001-11,Novo Mercado
639,Viver,ON,31/12/2020,Construção de edifícios residenciais,VIVR3,ativo,67.571.414/0001-41,Novo Mercado
640,Vix Logistica S/A,ON,31/12/2020,Transporte rodoviário,21202 ON,ativo,32.681.371/0001-72,-
641,Vulcabras,ON,31/12/2020,Indústria de calçados,VULC3,ativo,50.926.955/0001-42,Novo Mercado
642,Weg,ON,31/03/2021,Indústria de motores  turbinas e transmissores de energia,WEGE3,ativo,84.429.695/0001-11,Novo Mercado
643,Westwing,ON,31/12/2020,Comércio atacadista de bens duráveis,WEST3,ativo,14.776.142/0001-50,Novo Mercado
644,Wetzel S/A,PN,31/12/2020,Indústria de autopeças,MWET4,ativo,84.683.671/0001-94,Tradicional
645,Whirlpool,PN,31/12/2020,Indústria de eletrodomésticos,WHRL4,ativo,59.105.999/0001-86,Tradicional
646,Wiz S.A,ON,31/12/2020,Corretora de seguros,WIZS3,ativo,42.278.473/0001-03,Novo Mercado
647,Wlm Ind Com,PN,31/12/2020,Concessionárias de outros veículos motorizados,WLMM4,ativo,33.228.024/0001-51,Tradicional
648,Wtc Amazonas Suite Hotel S/A,ON,31/12/2020,Hotel  motel ou similar,15741 ON,ativo,01.319.044/0001-41,-
649,Wtc Rio Empreend e Part S/A,ON,31/12/2020,Administração de empresas e empreendimentos,16551 ON,ativo,01.989.044/0001-59,-
650,Xx de Nov Inv e Part S/A,ON,31/12/2020,Administração de empresas e empreendimentos,20001 ON,ativo,03.538.833/0001-07,-
651,Yduqs Part,ON,31/12/2020,Escola de ensino superior,YDUQ3,ativo,08.807.432/0001-10,Novo Mercado
652,You Inc Incorp e Part S/A,ON,31/12/2020,Construção,23604 ON,ativo,11.284.204/0001-18,-
